{
    //Raleigh (mass-proportional) damping
    "fps": 30,
    "steps": 15,
    "simTime": 10,
    "gravity": false,
    "bounds": -1,
    "floor": false,
    //Objects
    "objects": [
        {
            "mesh": "meshes/cube/cube.1",
            "translation": [0, 0, -6],
            "mass": 5000,
            "initVelType": "Rotation",
            "initVel": 3,
            "damping": 0,
            "stiffness": 0.003
        },
        {
            "mesh": "meshes/cube/cube.1",
            "translation": [0, 0, -2],
            "mass": 5000,
            "initVelType": "Rotation",
            "initVel": 3,
            "damping": 0.001667,
            "stiffness": 0.003
        },
        {
            "mesh": "meshes/cube/cube.1",
            "translation": [0, 0, 2],
            "mass": 5000,
            "initVelType": "Rotation",
            "initVel": 3,
            "damping": 0.003333,
            "stiffness": 0.003
        },
        {
            "mesh": "meshes/cube/cube.1",
            "translation": [0, 0, 6],
            "mass": 5000,
            "initVelType": "Rotation",
            "initVel": 3,
            "damping": 0.005,
            "stiffness": 0.003
        }
    ],
    "output": "output/info"
}
