{
    "fps": 30,
    "steps": 50,
    "simTime": 10,
    //Objects
    "objects": [
        {
            "mesh": "meshes/car/car",
            "translation": [0, 0.8, 0],
            "mass": 1000,
            "damping": 0.0,
            /* "damping": 0.01, */
            /* "stiffness": 0.017, */
            "stiffness": 0.02,
            "initVelType": "Linear",
            "initVel": [0.0, 0.0, 0.0]
        },
        {
            "mesh": "meshes/car/car",
            "translation": [10, 0.8, 2.9],
            "rotation": [0, 90, 0],
            "mass": 1000,
            /*"damping": 0.002, */
            "damping": 0,
            "stiffness": 0.02,
            "initVelType": "Linear",
            "initVel": [-8.5, 0.0, 0.0]
        },
        {
            "mesh": "meshes/car/car",
            "translation": [-10, 0.8, -2.9],
            "rotation": [0, -90, 0],
            "mass": 1000,
            /* "damping": 0.002, */
            "damping": 0,
            "stiffness": 0.02,
            "initVelType": "Linear",
            "initVel": [8.5, 0.0, 0.0]
        }
    ],
    "output": "output/car/spin_nodamp"
}
