{
    "fps": 30,
    "steps": 10,
    "simTime": 10,
    //Objects
    "objects": [
        {
            "mesh": "meshes/car/car",
            "translation": [0, 2.9, 7],
            "rotation": [30, 0, 0],
            "mass": 25000,
            "citers": 5,
            "stiffness": 0.07,
            /* "damping": 0.005, */
            "initVelType": "Linear",
            "initVel": [1.0, 8.75, -15]
        },
        {
            "mesh": "meshes/car/car",
            "translation": [0, 2.43, -7.82],
            /* "translation": [0, 2.8, -7], */
            "rotation": [150, 0, 180],
            "mass": 25000,
            "citers": 5,
            "stiffness": 0.07,
            /* "damping": 0.005, */
            "initVelType": "Linear",
            "initVel": [-1.0, 6.92820324, 12]
        },
        {
            "mesh": "meshes/car/ramp.1",
            "translation": [0, 1.38, 6.5],
            "rotation": [-90, 0, 0],
            "mass": 150000,
            "citers": 5,
            /* "damping": 0.005, */
            "stiffness": 0.025
        },
        {
            "mesh": "meshes/car/ramp.1",
            "translation": [0, 1.38, -6.5],
            "rotation": [-90, 0, 180],
            "mass": 150000,
            "citers": 5,
            /* "damping": 0.005, */
            "stiffness": 0.025
        }
    ],
    "output": "output/info"
}
