{
    "fps": 30,
    "steps": 10,
    "maxIterations": 10000,
    "simTime": 10,
    "bounds": [-15, 5, -5, 5],
    "gravity": true,
    //Objects
    "objects": [
        {
            "mesh": "meshes/bowling/ball",
            "translation": [-11, 0.58, 0],
            "scale": [0.5, 0.5, 0.5],
            "mass": 10000,
            "stiffness": 0.07,
            "damping": 0.002,
            "initVelType": "Linear",
            "initVel": [12.0, 1.5, 0.0]
        },
        {
            "mesh": "meshes/bowling/pin",
            "translation": [0, 0.73, 0],
            "scale": [0.5, 0.5, 0.5],
            "mass": 5000,
            "stiffness": 0.04,
            "damping": 0.002
        },
        {
            "mesh": "meshes/bowling/pin",
            "translation": [0.75, 0.73, 0.5],
            "scale": [0.5, 0.5, 0.5],
            "mass": 5000,
            "stiffness": 0.04,
            "damping": 0.002
        },
        {
            "mesh": "meshes/bowling/pin",
            "translation": [0.75, 0.73, -0.5],
            "scale": [0.5, 0.5, 0.5],
            "mass": 5000,
            "stiffness": 0.04,
            "damping": 0.002
        },
        {
            "mesh": "meshes/bowling/pin",
            "translation": [1.5, 0.73, 0],
            "scale": [0.5, 0.5, 0.5],
            "mass": 5000,
            "stiffness": 0.04,
            "damping": 0.002
        },
        {
            "mesh": "meshes/bowling/pin",
            "translation": [1.5, 0.73, -1],
            "scale": [0.5, 0.5, 0.5],
            "mass": 5000,
            "stiffness": 0.04,
            "damping": 0.002
        },
        {
            "mesh": "meshes/bowling/pin",
            "translation": [1.5, 0.73, 1],
            "scale": [0.5, 0.5, 0.5],
            "mass": 5000,
            "stiffness": 0.04,
            "damping": 0.002
        }
    ],
    "output": "output/bowling_proj"
}
