{
    "fps": 30,
    "steps": 50,
    "simTime": 10,
    "bounds": -1,
    "gravity": false,
    //Objects
    "objects": [
        {
            "mesh": "meshes/enterprise/enterprise",
            "translation": [0, 35, 0],
            "mass": 10000,
            "stiffness": 0.09,
            "damping": 0.005
        },
        {
            "mesh": "meshes/tiefighter/tiefighter",
            "translation": [-1, 44, 4],
            "rotation": [90, 0, 0],
            "scale": [0.02, 0.02, 0.02],
            "mass": 10000,
            "stiffness": 0.07,
            "damping": 0.005,
            "initVelType": "Linear",
            "initVel": [0.0, -9.0, 0.0]
        },
        {
            "mesh": "meshes/tiefighter/tiefighter",
            "translation": [1.5, 5, 1],
            "rotation": [-90, 0, 0],
            "scale": [0.02, 0.02, 0.02],
            "mass": 10000,
            "stiffness": 0.07,
            "damping": 0.005,
            "initVelType": "Linear",
            "initVel": [0.0, 10.5, 0.0]
        }
    ],
    "output": "output/enterprise_proj"
}
