{
    "fps": 30,
    "steps": 50,
    "simTime": 10,
    "bounds": 10,
    "gravity": true,
    //Objects
    "objects": [
        {
            "mesh": "meshes/staypuft/staypuft_tg",
            "translation": [4, 4.5, -4],
            "rotation": [0, 90, -30],
            "scale": [0.01, 0.01, 0.01],
            "mass": 1250,
            "stiffness": 0.005,
            "clusters": 2048,
            "initVelType": "Linear",
            "initVel": [-6.0, 6.0, 6.0]
        },
        {
            "mesh": "meshes/car/car",
            "translation": [-4, 4, 4],
            "rotation": [-30, -45, 0],
            "mass": 1000,
            "stiffness": 0.005,
            "initVelType": "Linear",
            "initVel": [6.0, 6.0, -6.0]
        },
        {
            "mesh": "meshes/dragon/dragon_tg",
            "translation": [4, 4, 4],
            "rotation": [0, 90, 0],
            "scale": [0.045, 0.045, 0.045],
            "mass": 750,
            "stiffness": 0.008,
            "clusters": 2048,
            "initVelType": "Linear",
            "initVel": [-6.0, 6.0, -6.0]
        },
        {
            "mesh": "meshes/rand1/rand1_tg",
            "translation": [-4, 4.5, -4],
            "rotation": [45, 135, 0],
            "scale": [0.85, 0.85, 0.85],
            "mass": 300,
            "stiffness": 0.002,
            "initVelType": "Linear",
            "initVel": [6.0, 6.0, 6.0]
        }
    ],
    "output": "output/info"
}
